,Cities,Max Temperature,Humidity,Cloudiness,Windspeed,Lat,Lon,Country,Date
0,santa vitoria do palmar,52.61,87.0,80.0,13.8,-33.52,-53.37,BR,1532505673
1,margate,48.2,61.0,40.0,8.05,-43.03,147.26,AU,1532502000
2,hermanus,58.1,76.0,88.0,3.18,-34.42,19.24,ZA,1532505718
3,severo-kurilsk,51.35,96.0,12.0,6.64,50.68,156.12,RU,1532505718
4,belaya gora,48.83,97.0,92.0,10.0,68.54,146.19,RU,1532505719
6,komsomolskiy,74.3,43.0,0.0,15.14,67.55,63.78,RU,1532505719
7,ushuaia,44.6,42.0,20.0,16.11,-54.81,-68.31,AR,1532502000
8,ancud,27.86,77.0,20.0,2.39,-41.87,-73.83,CL,1532505720
9,hobart,48.2,61.0,40.0,8.05,-42.88,147.33,AU,1532502000
11,hilo,77.0,78.0,1.0,4.7,19.71,-155.08,US,1532501760
12,cidreira,57.83,98.0,92.0,15.59,-30.17,-50.22,BR,1532505720
13,deputatskiy,40.46,99.0,92.0,7.99,69.3,139.9,RU,1532505721
14,coihaique,37.4,86.0,0.0,8.05,-45.58,-72.07,CL,1532502000
15,rikitea,74.93,98.0,0.0,8.43,-23.12,-134.97,PF,1532505721
16,necochea,27.68,100.0,0.0,3.4,-38.55,-58.74,AR,1532505722
17,busselton,58.1,100.0,100.0,25.21,-33.64,115.35,AU,1532505723
18,esperance,77.0,83.0,20.0,5.82,10.24,-61.45,TT,1532502000
19,vardo,75.2,88.0,75.0,9.17,39.62,-77.74,US,1532504100
20,harper,87.8,57.0,1.0,5.08,30.3,-99.24,US,1532502900
22,tuktoyaktuk,50.54,74.0,0.0,13.8,69.44,-133.03,CA,1532505724
23,moose factory,51.8,100.0,1.0,2.24,51.26,-80.61,CA,1532502000
24,khatanga,59.81,72.0,32.0,9.22,71.98,102.47,RU,1532505725
25,new norfolk,48.2,61.0,40.0,8.05,-42.78,147.06,AU,1532502000
27,gat,81.77,70.0,0.0,12.01,14.69,-16.54,SN,1532505726
28,ballina,53.6,93.0,75.0,10.29,54.11,-9.15,IE,1532502000
29,herat,100.4,10.0,0.0,26.4,34.35,62.22,AF,1532501700
30,sovetskiy,82.94,58.0,12.0,8.21,56.76,48.47,RU,1532505727
31,lompoc,57.2,87.0,1.0,3.36,34.64,-120.46,US,1532504100
34,port macquarie,62.6,45.0,0.0,8.05,-31.43,152.91,AU,1532502000
35,port-gentil,75.2,83.0,40.0,11.41,-0.72,8.78,GA,1532502000
36,lazaro cardenas,85.1,27.0,56.0,10.0,28.39,-105.62,MX,1532505728
37,barrow,28.13,86.0,0.0,7.54,-38.31,-60.23,AR,1532505729
38,punta arenas,39.2,69.0,75.0,19.46,-53.16,-70.91,CL,1532502000
39,castro,30.11,100.0,48.0,1.5,-42.48,-73.76,CL,1532505730
40,torbay,64.4,100.0,75.0,21.92,47.66,-52.73,CA,1532504100
41,bredasdorp,59.0,87.0,76.0,3.36,-34.53,20.04,ZA,1532502000
42,upernavik,34.7,100.0,92.0,2.62,72.79,-56.15,GL,1532505731
44,bluff,60.53,51.0,0.0,2.73,-23.58,149.07,AU,1532505731
46,iqaluit,46.4,65.0,90.0,6.64,63.75,-68.52,CA,1532502000
48,geraldton,59.0,82.0,40.0,4.7,49.72,-86.95,CA,1532502000
49,uige,76.42,37.0,0.0,4.16,-7.61,15.06,AO,1532505779
50,mataura,31.37,83.0,88.0,3.18,-46.19,168.86,NZ,1532505734
51,bethel,64.4,68.0,75.0,3.36,60.79,-161.76,US,1532501580
53,nanortalik,39.29,96.0,8.0,8.99,60.14,-45.24,GL,1532505735
54,pevek,40.55,99.0,0.0,5.08,69.7,170.27,RU,1532505736
55,jamestown,49.28,76.0,0.0,3.4,-33.21,138.6,AU,1532505736
56,isangel,72.41,100.0,76.0,17.49,-19.55,169.27,VU,1532505737
57,owando,82.49,74.0,0.0,3.18,-0.49,15.91,CG,1532505737
58,vaini,73.67,100.0,88.0,9.55,15.34,74.49,IN,1532505737
60,bilma,97.88,32.0,0.0,11.45,18.69,12.92,NE,1532505738
61,pangnirtung,39.11,95.0,92.0,3.96,66.15,-65.72,CA,1532505738
62,grand gaube,77.0,61.0,40.0,14.99,-20.01,57.66,MU,1532502000
63,ilulissat,37.4,93.0,88.0,3.36,69.22,-51.1,GL,1532505000
64,thompson,50.0,87.0,90.0,9.17,55.74,-97.86,CA,1532502000
65,san luis,25.7,70.0,0.0,3.96,-33.3,-66.34,AR,1532505740
66,corpus christi,82.4,94.0,1.0,4.7,27.8,-97.4,US,1532503620
67,pittsburg,73.4,68.0,1.0,6.93,38.02,-121.89,US,1532504400
68,klaksvik,51.8,93.0,88.0,11.41,62.23,-6.59,FO,1532503200
69,impfondo,81.5,84.0,36.0,3.06,1.62,18.06,CD,1532505742
70,mar del plata,42.17,57.0,80.0,6.64,-46.43,-67.52,AR,1532505742
71,petropavlovsk-kamchatskiy,55.4,100.0,90.0,11.18,53.05,158.65,RU,1532503800
73,kapaa,82.4,78.0,40.0,12.75,22.08,-159.32,US,1532502420
74,grindavik,48.2,100.0,75.0,9.17,63.84,-22.43,IS,1532503800
75,lebu,60.8,87.0,75.0,6.93,8.96,38.73,ET,1532502000
76,port lincoln,56.48,92.0,0.0,6.76,-34.72,135.86,AU,1532505744
77,port elizabeth,75.2,94.0,90.0,9.17,39.31,-74.98,US,1532505240
78,yaan,73.58,100.0,92.0,3.4,7.38,8.57,NG,1532505745
79,kulhudhuffushi,79.97,100.0,80.0,20.85,6.62,73.07,MV,1532505745
80,matara,37.04,97.0,88.0,1.95,-13.74,-72.9,PE,1532505745
81,sinnamary,79.88,98.0,32.0,7.2,5.38,-52.96,GF,1532505746
82,zhob,90.23,31.0,24.0,3.96,31.34,69.45,PK,1532505746
83,cabo san lucas,78.8,100.0,20.0,10.11,22.89,-109.91,MX,1532505747
84,cayenne,71.6,100.0,90.0,5.61,4.94,-52.33,GF,1532503800
85,ambulu,77.9,88.0,8.0,10.11,-8.35,113.61,ID,1532505747
86,ladysmith,68.27,27.0,0.0,3.74,-28.55,29.78,ZA,1532505694
87,dikson,42.17,100.0,80.0,19.51,73.51,80.55,RU,1532505748
88,vostok,83.57,65.0,76.0,5.08,46.45,135.83,RU,1532505748
89,presidencia roque saenz pena,38.75,82.0,24.0,7.09,-26.79,-60.44,AR,1532505748
90,gamba,42.17,100.0,32.0,1.61,28.28,88.52,CN,1532505749
91,bremervorde,86.0,42.0,0.0,4.7,53.48,9.13,DE,1532505000
92,cherskiy,53.6,50.0,76.0,5.08,68.75,161.3,RU,1532505684
94,horsham,50.9,97.0,48.0,7.65,-36.71,142.2,AU,1532505749
95,peterhead,59.0,77.0,20.0,10.29,-34.83,138.5,AU,1532502000
96,acari,65.3,93.0,0.0,12.57,-6.44,-36.64,BR,1532505750
97,chongwe,67.37,53.0,8.0,9.22,-15.33,28.68,ZM,1532505750
98,albany,75.2,73.0,40.0,5.82,42.65,-73.75,US,1532505060
100,hede,80.6,44.0,0.0,6.93,60.45,15.49,SE,1532503200
101,worland,73.4,43.0,1.0,8.05,44.02,-107.96,US,1532501580
102,puerto ayora,70.34,100.0,48.0,10.45,-0.74,-90.35,EC,1532505752
105,shumskiy,59.63,93.0,92.0,2.73,54.83,99.13,RU,1532505752
106,adolfo lopez mateos,83.75,74.0,0.0,2.06,26.8,-109.39,MX,1532505753
108,collierville,77.0,100.0,1.0,2.73,35.04,-89.66,US,1532502900
109,souillac,71.6,73.0,0.0,3.36,45.6,-0.6,FR,1532503800
110,avarua,73.4,88.0,75.0,5.82,-21.21,-159.78,CK,1532502000
111,luderitz,63.77,63.0,0.0,10.56,-26.65,15.16,NA,1532505754
112,hithadhoo,82.13,100.0,76.0,18.84,-0.6,73.08,MV,1532505754
113,arraial do cabo,66.47,100.0,56.0,1.72,-22.97,-42.02,BR,1532505754
114,mahebourg,77.0,61.0,40.0,14.99,-20.41,57.7,MU,1532502000
115,cape town,57.2,93.0,20.0,3.36,-33.93,18.42,ZA,1532502000
116,nikolayevka,82.31,81.0,20.0,22.86,46.73,38.57,RU,1532505755
117,bharatpur,76.28,100.0,100.0,2.62,27.68,84.43,NP,1532505755
118,tateyama,89.6,59.0,75.0,6.93,36.66,137.31,JP,1532502000
119,port alfred,64.85,94.0,76.0,9.55,-33.59,26.89,ZA,1532505756
120,port augusta,68.0,45.0,0.0,8.05,-32.49,137.76,AU,1532502000
121,opuwo,65.03,30.0,0.0,12.8,-18.06,13.84,NA,1532505757
122,lumberton,80.6,83.0,1.0,3.36,30.27,-94.2,US,1532502900
123,port moresby,82.4,61.0,20.0,23.04,-9.47,147.16,PG,1532502000
124,catuday,82.31,97.0,48.0,5.64,16.29,119.81,PH,1532505757
125,marsa matruh,82.4,69.0,40.0,16.11,31.35,27.25,EG,1532502000
126,east london,59.0,93.0,75.0,8.05,-33.02,27.91,ZA,1532504760
127,preobrazheniye,79.43,71.0,0.0,3.4,42.9,133.91,RU,1532505758
128,port hedland,80.6,39.0,0.0,9.17,-20.31,118.58,AU,1532502000
130,nikolskoye,75.2,64.0,0.0,11.18,59.7,30.79,RU,1532503800
131,hambantota,85.82,83.0,0.0,20.74,6.12,81.12,LK,1532505759
132,alangayam,91.58,43.0,76.0,13.58,12.62,78.75,IN,1532505759
133,chuy,52.61,87.0,80.0,13.8,-33.69,-53.46,UY,1532505760
134,dwarka,84.2,83.0,90.0,4.7,28.58,77.04,IN,1532502000
135,faanui,80.15,100.0,76.0,13.69,-16.48,-151.75,PF,1532505760
136,henties bay,77.18,44.0,0.0,17.05,-22.12,14.28,NA,1532505519
137,temiscaming,68.0,94.0,90.0,8.05,46.72,-79.1,CA,1532502000
138,yellowknife,55.4,82.0,20.0,5.82,62.45,-114.38,CA,1532502000
139,coxim,55.58,87.0,8.0,2.62,-18.5,-54.75,BR,1532505761
140,labytnangi,75.11,54.0,0.0,16.49,66.66,66.39,RU,1532505761
141,kawalu,81.14,53.0,8.0,2.17,-7.38,108.21,ID,1532505684
142,shelburne,71.6,94.0,90.0,2.24,44.08,-80.2,CA,1532504580
143,hasaki,84.2,70.0,75.0,11.41,35.73,140.83,JP,1532503800
144,pokhara,72.05,79.0,44.0,1.05,28.21,83.99,NP,1532505538
145,kashin,72.23,82.0,64.0,12.57,57.36,37.61,RU,1532505763
146,saint-philippe,77.0,88.0,90.0,10.29,45.36,-73.48,CA,1532504520
147,hirna,75.11,46.0,32.0,3.4,9.22,41.1,ET,1532505763
148,butaritari,85.1,100.0,20.0,9.22,3.07,172.79,KI,1532505763
149,eskil,80.51,60.0,0.0,6.76,38.4,33.41,TR,1532505764
151,dongsheng,96.35,55.0,0.0,12.8,29.72,112.52,CN,1532505764
152,lavrentiya,44.6,92.0,56.0,4.41,65.58,-170.99,RU,1532505764
153,itarema,76.1,81.0,8.0,11.68,-2.92,-39.92,BR,1532505765
154,eureka,51.8,100.0,90.0,2.51,40.8,-124.16,US,1532504100
155,ingham,69.71,96.0,0.0,4.97,-18.65,146.16,AU,1532505766
156,mount gambier,50.45,81.0,80.0,4.52,-37.83,140.78,AU,1532505766
157,atuona,79.79,100.0,0.0,15.7,-9.8,-139.03,PF,1532505766
159,ewa beach,78.8,73.0,40.0,4.7,21.32,-158.01,US,1532503860
161,sterling,77.0,94.0,90.0,3.36,39.0,-77.4,US,1532504460
162,airai,78.98,54.0,8.0,0.94,-8.93,125.41,TL,1532505768
163,pitimbu,68.0,94.0,0.0,5.82,-7.47,-34.81,BR,1532502000
165,xinzhou,78.35,70.0,0.0,3.4,38.41,112.73,CN,1532505769
166,media luna,33.17,72.0,8.0,2.39,-21.67,-64.63,BO,1532505769
168,sitka,73.31,62.0,0.0,5.19,37.17,-99.65,US,1532505770
169,kisangani,77.45,89.0,80.0,2.95,0.52,25.21,CD,1532505770
170,floridia,87.8,45.0,0.0,6.93,37.09,15.15,IT,1532503200
171,ribeira grande,71.6,94.0,40.0,13.87,38.52,-28.7,PT,1532503800
172,lagoa,71.6,64.0,0.0,3.36,37.14,-8.45,PT,1532503800
173,verkhneuralsk,78.8,39.0,40.0,11.18,53.88,59.21,RU,1532503800
174,lingyuan,76.1,84.0,92.0,3.62,41.24,119.4,CN,1532505771
175,rocha,44.15,86.0,48.0,8.99,-34.48,-54.34,UY,1532505772
176,pavino,69.8,60.0,40.0,11.18,55.02,82.61,RU,1532503800
178,bonavista,65.75,72.0,8.0,19.28,48.65,-53.11,CA,1532505481
179,mago,59.27,83.0,100.0,4.18,53.27,140.15,RU,1532505773
180,provideniya,45.68,100.0,76.0,6.76,64.42,-173.23,RU,1532505773
181,basco,66.2,82.0,1.0,4.7,40.33,-91.2,US,1532504100
182,kedrovyy,71.6,37.0,40.0,11.18,56.17,91.82,RU,1532503800
183,praia,55.4,71.0,0.0,4.7,-20.25,-43.81,BR,1532502000
184,maitum,83.03,100.0,12.0,8.43,6.06,124.5,PH,1532505774
185,pyu,74.66,99.0,92.0,3.4,18.48,96.43,MM,1532505775
186,najran,95.0,20.0,75.0,9.17,17.54,44.22,SA,1532502000
187,hofn,51.8,81.0,20.0,3.36,64.25,-15.21,IS,1532505600
188,gasa,40.82,96.0,92.0,2.06,27.91,89.73,BT,1532505775
189,neuquen,20.03,69.0,0.0,3.74,-38.95,-68.06,AR,1532505496
191,honningsvag,62.6,88.0,0.0,5.82,70.98,25.97,NO,1532501400
193,kidal,93.02,41.0,0.0,15.03,18.44,1.41,ML,1532505777
194,puyang,97.97,52.0,8.0,4.52,35.76,115.02,CN,1532505777
195,kutum,91.22,26.0,12.0,15.7,14.2,24.66,SD,1532505777
197,bunia,77.63,84.0,0.0,3.06,1.56,30.25,CD,1532505778
198,balabac,87.08,92.0,0.0,15.03,7.99,117.06,PH,1532505778
200,ixtapa,78.8,88.0,90.0,4.7,20.71,-105.21,MX,1532501040
201,port blair,80.69,100.0,80.0,19.28,11.67,92.75,IN,1532505779
202,sur,88.52,86.0,0.0,3.06,22.57,59.53,OM,1532505779
203,watari,91.4,100.0,75.0,14.99,38.04,140.87,JP,1532502000
204,solnechnyy,62.15,99.0,100.0,6.98,50.72,136.64,RU,1532505779
206,burnie,52.61,100.0,44.0,18.5,-41.05,145.91,AU,1532505780
207,ponta do sol,60.17,68.0,44.0,5.75,-20.63,-46.0,BR,1532505780
208,georgetown,75.2,100.0,75.0,4.7,6.8,-58.16,GY,1532502000
209,kuala terengganu,91.4,75.0,75.0,3.36,5.33,103.14,MY,1532502000
210,burgeo,58.37,90.0,20.0,11.79,47.61,-57.61,CA,1532505781
211,vanimo,83.93,100.0,44.0,15.82,-2.67,141.3,PG,1532505782
212,beringovskiy,55.4,92.0,24.0,3.74,63.05,179.32,RU,1532505782
213,sapa,84.2,100.0,75.0,13.87,14.32,120.76,PH,1532502000
214,paamiut,39.38,99.0,76.0,26.89,61.99,-49.67,GL,1532505783
216,palmer,59.0,100.0,90.0,1.72,61.6,-149.11,US,1532503740
217,buraydah,102.2,21.0,0.0,10.29,26.33,43.97,SA,1532502000
219,sidi ali,83.75,53.0,32.0,3.51,36.1,0.42,DZ,1532505784
220,thinadhoo,82.31,100.0,64.0,19.06,0.53,72.93,MV,1532505784
221,boysun,87.71,20.0,20.0,1.95,38.2,67.2,UZ,1532505785
222,kununurra,95.0,8.0,0.0,4.7,-15.77,128.74,AU,1532502000
224,minggang,97.34,54.0,56.0,9.78,32.45,114.03,CN,1532505786
225,kruisfontein,61.07,87.0,68.0,7.54,-34.0,24.73,ZA,1532505786
228,udachnyy,62.96,56.0,0.0,3.18,66.42,112.4,RU,1532505787
230,lasa,84.2,66.0,20.0,10.29,34.92,32.53,CY,1532503800
231,norman wells,68.0,56.0,40.0,2.24,65.28,-126.83,CA,1532502000
232,bathsheba,80.6,74.0,20.0,16.11,13.22,-59.52,BB,1532502000
233,gwadar,88.34,77.0,0.0,10.56,25.12,62.33,PK,1532505788
234,hobyo,82.58,60.0,8.0,21.52,5.35,48.53,SO,1532505788
235,victoria,93.2,62.0,75.0,3.36,5.28,115.24,BN,1532503800
236,umred,84.2,79.0,75.0,10.29,20.85,79.32,IN,1532502000
237,high level,53.6,93.0,1.0,3.51,58.52,-117.13,CA,1532502000
238,kingsport,69.8,100.0,75.0,1.61,36.55,-82.56,US,1532502900
239,ahipara,56.21,98.0,36.0,14.47,-35.17,173.16,NZ,1532505790
240,carnarvon,60.53,34.0,0.0,12.01,-30.97,22.13,ZA,1532505790
241,puerto baquerizo moreno,71.15,100.0,32.0,12.57,-0.9,-89.6,EC,1532505791
243,tiznit,69.17,100.0,32.0,2.62,29.7,-9.73,MA,1532505791
244,bom jardim,69.53,92.0,56.0,5.97,-7.8,-35.59,BR,1532505792
245,chokurdakh,51.35,66.0,92.0,9.22,70.62,147.9,RU,1532505792
246,gondanglegi,86.09,37.0,0.0,7.43,-7.75,112.01,ID,1532505792
247,qaanaaq,35.51,98.0,92.0,2.62,77.48,-69.36,GL,1532505793
248,seoul,93.2,55.0,40.0,6.93,37.57,126.98,KR,1532502000
249,risod,85.64,70.0,68.0,14.25,19.98,76.79,IN,1532505793
250,venice,86.0,70.0,40.0,16.11,27.1,-82.45,US,1532504100
251,craig,75.2,39.0,40.0,3.18,40.52,-107.55,US,1532504100
252,sao desiderio,65.93,65.0,20.0,10.78,-12.36,-44.97,BR,1532505794
253,nsanje,69.26,90.0,8.0,4.18,-16.92,35.26,MZ,1532505794
255,ambanja,83.03,43.0,64.0,3.62,-13.68,48.45,MG,1532505795
256,xudat,84.92,70.0,0.0,4.74,41.63,48.68,AZ,1532505795
257,duayaw nkwanta,70.7,100.0,92.0,8.43,7.17,-2.1,GH,1532505795
258,tasiilaq,48.2,45.0,48.0,12.75,65.61,-37.64,GL,1532505000
259,la baule-escoublac,69.8,73.0,0.0,8.05,47.28,-2.4,FR,1532503800
260,hamilton,78.8,83.0,75.0,11.41,32.3,-64.78,BM,1532501700
261,atambua,81.86,82.0,0.0,3.18,-9.11,124.89,ID,1532505797
262,rorvik,57.2,100.0,75.0,4.7,64.86,11.24,NO,1532503200
263,mount isa,84.2,12.0,0.0,8.05,-20.73,139.49,AU,1532502000
264,fredericksburg,77.0,100.0,90.0,6.93,38.3,-77.46,US,1532503560
265,rabaul,77.0,100.0,92.0,4.52,-4.2,152.17,PG,1532505798
266,constitucion,69.53,44.0,92.0,6.2,23.99,-104.67,MX,1532505798
267,druzhinino,83.84,37.0,8.0,3.62,56.79,59.52,RU,1532505798
268,garowe,89.87,35.0,0.0,20.62,8.41,48.48,SO,1532505799
269,durusu,95.0,24.0,0.0,3.36,37.53,40.83,TR,1532503200
270,lodja,85.73,20.0,32.0,5.08,-3.52,23.6,CD,1532505799
271,kiama,62.6,39.0,0.0,14.99,-34.67,150.86,AU,1532502000
272,rio branco,64.4,72.0,0.0,4.7,-9.98,-67.82,BR,1532505600
273,newton,64.4,93.0,1.0,2.62,41.7,-93.05,US,1532504100
274,pierre,75.2,60.0,1.0,9.17,44.37,-100.35,US,1532501580
275,sete,56.66,100.0,92.0,1.05,27.58,86.44,NP,1532505801
276,visnes,64.4,93.0,75.0,1.12,59.36,5.22,NO,1532503200
277,acapulco,84.2,83.0,75.0,2.17,16.86,-99.88,MX,1532501220
278,jacareacanga,78.17,78.0,92.0,1.72,-6.22,-57.76,BR,1532505802
279,yacuiba,37.4,70.0,12.0,4.52,-22.01,-63.68,AR,1532505802
280,norfolk,78.8,94.0,90.0,4.7,36.85,-76.29,US,1532505240
281,hay river,59.0,77.0,40.0,6.93,60.82,-115.79,CA,1532502000
283,te anau,32.45,93.0,92.0,3.74,-45.41,167.72,NZ,1532505803
284,jiwani,90.95,70.0,0.0,10.22,25.05,61.74,PK,1532505803
285,college,71.6,53.0,1.0,2.51,64.86,-147.8,US,1532501880
286,kungurtug,72.95,32.0,12.0,7.09,50.6,97.53,RU,1532505804
287,inhambane,71.6,78.0,40.0,3.36,-23.87,35.38,MZ,1532502000
288,husavik,60.8,85.0,32.0,11.56,50.56,-96.99,CA,1532505805
289,kaeo,51.53,95.0,36.0,10.22,-35.1,173.78,NZ,1532505805
290,fort nelson,55.4,82.0,75.0,3.36,58.81,-122.69,CA,1532502000
291,abasolo,53.51,94.0,0.0,2.51,20.45,-101.53,MX,1532505805
293,longyearbyen,42.8,81.0,75.0,10.29,78.22,15.63,NO,1532503200
294,saint-pierre,75.2,60.0,0.0,6.93,48.95,4.24,FR,1532503800
295,iracoubo,75.74,93.0,80.0,2.73,5.48,-53.21,GF,1532505807
296,tarko-sale,79.07,47.0,0.0,21.63,64.92,77.78,RU,1532505807
297,pacific grove,62.6,93.0,90.0,3.36,36.62,-121.92,US,1532504280
298,marrakesh,68.0,72.0,0.0,4.7,31.63,-7.99,MA,1532503800
299,mikhaylovka,72.5,74.0,48.0,6.2,52.96,103.29,RU,1532505808
300,jasper,73.4,100.0,0.0,3.96,33.83,-87.28,US,1532504100
301,samarai,77.36,100.0,88.0,12.57,-10.62,150.67,PG,1532505809
302,portland,75.2,50.0,1.0,9.17,45.52,-122.67,US,1532501760
303,antofagasta,55.4,76.0,90.0,4.7,-23.65,-70.4,CL,1532502000
304,cascas,40.37,84.0,32.0,1.5,-7.48,-78.82,PE,1532505809
305,pedernales,68.09,100.0,68.0,2.95,0.07,-80.05,EC,1532505810
306,simao,77.81,77.0,88.0,2.62,22.76,100.79,CN,1532505810
307,nouadhibou,66.2,93.0,75.0,16.11,20.93,-17.03,MR,1532502000
309,meru,66.29,77.0,48.0,7.2,0.05,37.65,KE,1532505811
310,quatre cocos,77.0,61.0,40.0,14.99,-20.21,57.76,MU,1532502000
311,srednekolymsk,63.23,66.0,80.0,6.42,67.46,153.71,RU,1532505811
312,gushikawa,87.8,66.0,20.0,9.17,26.35,127.87,JP,1532505360
313,bintulu,82.4,83.0,75.0,3.36,3.17,113.03,MY,1532502000
314,pankrushikha,73.04,66.0,0.0,14.03,53.83,80.35,RU,1532505812
315,itaquyry,57.2,93.0,90.0,2.73,-24.93,-55.22,PY,1532502000
316,vestmannaeyjar,50.0,87.0,20.0,8.05,63.44,-20.27,IS,1532502000
317,kavieng,79.07,100.0,64.0,6.42,-2.57,150.8,PG,1532505813
318,camacha,71.6,73.0,0.0,1.12,33.08,-16.33,PT,1532503800
319,madimba,75.2,100.0,75.0,3.36,4.42,9.93,CM,1532502000
321,kathu,65.3,35.0,0.0,5.64,-27.7,23.05,ZA,1532505814
322,tsilna,80.6,47.0,92.0,8.95,54.59,48.14,RU,1532502000
323,luganville,78.26,99.0,44.0,16.71,-15.51,167.18,VU,1532505815
324,laguna,84.38,72.0,0.0,2.39,27.52,-110.01,MX,1532505815
325,los llanos de aridane,71.6,64.0,75.0,12.75,28.66,-17.92,ES,1532503800
326,genhe,69.98,70.0,0.0,5.19,50.78,121.52,CN,1532505815
327,nizwa,111.65,16.0,0.0,4.52,22.93,57.53,OM,1532505816
328,tiksi,43.07,79.0,36.0,12.24,71.64,128.87,RU,1532505816
329,rabo de peixe,69.8,83.0,20.0,12.75,37.8,-25.58,PT,1532503800
330,tetiyiv,78.98,87.0,32.0,7.99,49.38,29.66,UA,1532505817
331,richards bay,73.76,53.0,0.0,3.74,-28.77,32.06,ZA,1532505817
332,faya,80.6,39.0,75.0,8.05,18.39,42.45,SA,1532502000
333,beloha,78.53,37.0,0.0,12.24,-25.17,45.06,MG,1532505817
334,breves,75.92,98.0,36.0,4.63,-1.68,-50.48,BR,1532505631
335,saskylakh,56.12,66.0,0.0,11.12,71.97,114.09,RU,1532505818
336,porto-vecchio,84.2,45.0,0.0,3.36,41.59,9.28,FR,1532503800
337,axim,73.31,100.0,92.0,10.67,4.87,-2.24,GH,1532505818
338,balkhash,71.33,94.0,0.0,11.23,46.84,74.98,KZ,1532505819
339,santa maria,55.49,97.0,88.0,6.76,-29.69,-53.81,BR,1532505820
342,bubaque,75.2,100.0,20.0,11.45,11.28,-15.83,GW,1532502000
343,barra,68.36,76.0,24.0,12.46,-11.09,-43.14,BR,1532505821
344,tigil,83.03,41.0,88.0,8.77,57.8,158.67,RU,1532505821
345,willowmore,60.71,51.0,48.0,3.18,-33.3,23.49,ZA,1532505822
346,boyuibe,47.48,52.0,64.0,5.75,-20.43,-63.28,BO,1532505822
347,sawtell,62.6,55.0,0.0,4.7,-30.38,153.1,AU,1532502000
348,sucua,57.11,84.0,64.0,3.62,-2.46,-78.17,EC,1532505822
349,puntarenas,71.6,73.0,0.0,3.36,9.98,-84.84,CR,1532502000
350,jalu,87.8,47.0,0.0,8.55,29.03,21.55,LY,1532505823
351,wanaka,23.0,84.0,44.0,1.95,-44.7,169.14,NZ,1532505823
352,kilindoni,75.92,96.0,56.0,16.71,-7.91,39.67,TZ,1532505824
353,tadine,68.81,100.0,0.0,17.83,-21.55,167.88,NC,1532505824
354,flin flon,51.53,100.0,100.0,7.99,54.77,-101.88,CA,1532505824
355,potsdam,82.4,48.0,0.0,2.24,52.4,13.06,DE,1532505000
356,coquimbo,41.0,93.0,0.0,8.05,-29.95,-71.34,CL,1532502000
357,farafangana,72.77,100.0,24.0,10.67,-22.82,47.83,MG,1532505825
358,dioknisi,98.6,37.0,0.0,25.28,41.63,42.39,GE,1532503800
359,alta floresta,64.4,77.0,0.0,2.24,-9.87,-56.08,BR,1532502000
360,japura,83.75,80.0,44.0,2.73,-0.42,102.29,ID,1532505826
361,marystown,58.1,93.0,92.0,11.45,47.17,-55.16,CA,1532505826
362,jutai,74.03,95.0,12.0,3.06,-1.71,-47.89,BR,1532505826
363,half moon bay,68.0,93.0,90.0,9.17,37.46,-122.43,US,1532504400
364,tomatlan,72.41,94.0,24.0,1.16,19.93,-105.25,MX,1532505827
365,muzhi,82.4,43.0,0.0,15.26,65.4,64.7,RU,1532505827
366,san cristobal,50.0,81.0,75.0,10.29,-0.39,-78.55,EC,1532502000
367,pryazha,71.6,64.0,40.0,4.47,61.69,33.62,RU,1532503800
370,sola,64.4,82.0,40.0,5.82,58.89,5.65,NO,1532505000
371,palombara sabina,84.2,47.0,0.0,6.93,42.07,12.77,IT,1532503200
372,ola,64.4,93.0,75.0,6.71,59.58,151.3,RU,1532503800
373,zhangye,92.66,41.0,0.0,4.18,38.94,100.46,CN,1532505830
374,kaitangata,34.61,78.0,36.0,7.43,-46.28,169.85,NZ,1532505830
375,healdsburg,71.6,100.0,90.0,5.82,38.61,-122.87,US,1532504100
376,synya,84.38,34.0,0.0,5.19,65.37,58.04,RU,1532505830
377,maniitsoq,39.11,99.0,12.0,2.95,65.42,-52.9,GL,1532505831
378,namibe,67.01,100.0,64.0,4.41,-15.19,12.15,AO,1532505831
379,banda aceh,88.61,58.0,0.0,8.1,5.56,95.32,ID,1532505831
380,remanso,69.53,100.0,0.0,15.14,-9.62,-42.08,BR,1532505832
381,road town,80.6,78.0,20.0,8.05,18.42,-64.62,VG,1532501580
382,general pico,36.05,76.0,64.0,5.64,-35.66,-63.75,AR,1532505832
383,nakamura,87.8,66.0,75.0,16.11,35.17,136.87,JP,1532503800
384,lam luk ka,89.6,62.0,75.0,12.75,13.93,100.75,TH,1532502000
385,chara,86.0,40.0,20.0,2.51,39.42,22.43,GR,1532503200
386,melenki,75.2,57.0,0.0,6.71,55.94,42.98,RU,1532503800
387,bicas,55.22,86.0,92.0,2.62,-21.72,-43.06,BR,1532505834
388,lang son,85.73,76.0,44.0,6.53,21.83,106.73,VN,1532505834
389,saint george,86.0,40.0,20.0,2.51,39.45,22.34,GR,1532503200
391,tiarei,77.0,78.0,75.0,1.12,-17.53,-149.33,PF,1532503800
392,vila velha,73.4,88.0,20.0,6.93,-3.71,-38.6,BR,1532505600
393,havre-saint-pierre,62.6,100.0,40.0,2.24,50.23,-63.6,CA,1532504100
394,el alto,35.6,86.0,75.0,3.36,-16.5,-68.19,BO,1532502000
395,kathmandu,80.6,74.0,75.0,8.05,27.71,85.32,NP,1532503200
396,kautokeino,69.8,72.0,32.0,3.74,69.01,23.04,NO,1532505836
397,naze,77.0,94.0,75.0,0.49,5.43,7.07,NG,1532502000
398,fairbanks,71.6,53.0,1.0,2.51,64.84,-147.72,US,1532501880
399,akdagmadeni,81.86,28.0,0.0,4.97,39.66,35.88,TR,1532505837
400,kudahuvadhoo,80.15,100.0,32.0,17.83,2.67,72.89,MV,1532505837
401,gari,85.73,42.0,0.0,4.18,59.43,62.35,RU,1532505838
402,ostrovnoy,82.67,57.0,0.0,12.57,68.05,39.51,RU,1532505838
403,nantucket,73.4,100.0,90.0,11.41,41.28,-70.1,US,1532504100
404,mkushi,62.24,64.0,32.0,13.02,-13.61,29.4,ZM,1532505838
405,namtsy,60.26,79.0,44.0,2.95,62.72,129.66,RU,1532505839
407,fare,79.61,98.0,48.0,11.56,-16.7,-151.02,PF,1532505839
409,kurayoshi,86.0,66.0,75.0,8.05,35.43,133.83,JP,1532502000
411,onda,82.4,65.0,40.0,2.24,39.96,-0.26,ES,1532503800
412,socorro,71.51,100.0,92.0,3.18,13.06,121.41,PH,1532505840
413,capitao poco,71.78,93.0,12.0,5.41,-1.75,-47.06,BR,1532505841
414,lokoja,72.86,100.0,76.0,4.07,7.8,6.74,NG,1532505841
415,saint-louis,77.0,53.0,0.0,3.36,47.59,7.56,CH,1532503800
416,victor harbor,59.0,77.0,20.0,10.29,-35.55,138.62,AU,1532502000
417,oistins,80.6,74.0,20.0,16.11,13.07,-59.53,BB,1532502000
418,evensk,56.48,95.0,80.0,1.39,61.92,159.24,RU,1532505842
419,wageningen,78.8,53.0,75.0,5.82,51.98,5.66,NL,1532505300
420,mareeba,77.0,53.0,20.0,6.93,-16.99,145.42,AU,1532502000
421,southbridge,75.2,94.0,90.0,4.7,42.08,-72.03,US,1532505360
422,nome,75.2,83.0,1.0,5.53,30.04,-94.42,US,1532505300
423,shubarshi,88.7,28.0,88.0,10.22,48.59,57.19,KZ,1532505844
425,san isidro,79.61,92.0,56.0,4.07,16.74,121.63,PH,1532505846
426,taft,81.77,99.0,56.0,11.79,11.9,125.42,PH,1532505846
427,grinnell,64.4,88.0,1.0,2.62,41.74,-92.72,US,1532504100
428,san ramon,69.98,94.0,92.0,2.51,12.92,-85.84,NI,1532505847
430,touros,75.47,85.0,68.0,14.14,-5.2,-35.46,BR,1532505848
431,san jose,74.84,100.0,88.0,3.06,15.79,120.99,PH,1532505741
432,gazli,95.18,19.0,0.0,19.17,40.13,63.45,UZ,1532505850
433,taltal,43.07,87.0,0.0,2.17,-25.41,-70.49,CL,1532505850
434,la romana,77.0,88.0,75.0,3.06,18.43,-68.97,DO,1532502000
435,fortuna,78.8,83.0,75.0,5.82,38.18,-1.13,ES,1532503800
436,lata,64.67,100.0,92.0,1.72,30.78,78.62,IN,1532505851
437,festus,73.4,78.0,20.0,6.93,38.22,-90.4,US,1532505060
438,dudinka,63.41,100.0,80.0,6.64,69.41,86.18,RU,1532505851
439,san patricio,51.89,95.0,64.0,2.73,-26.98,-56.83,PY,1532505852
440,kavaratti,82.85,95.0,88.0,21.74,10.57,72.64,IN,1532505852
441,guerrero negro,68.27,100.0,76.0,5.19,27.97,-114.04,MX,1532505852
442,sosnovka,67.01,96.0,92.0,13.69,53.23,41.37,RU,1532505853
443,tessalit,97.61,21.0,0.0,14.47,20.2,1.01,ML,1532505853
444,tual,81.14,94.0,0.0,11.45,-5.67,132.75,ID,1532505853
445,salinas,62.6,100.0,90.0,8.05,36.67,-121.66,US,1532504280
446,lehi,82.4,39.0,1.0,10.29,40.39,-111.85,US,1532502900
447,zaraza,71.51,95.0,36.0,2.95,9.35,-65.33,VE,1532505854
448,salmas,86.0,37.0,0.0,6.93,38.2,44.77,IR,1532502000
449,oranjemund,58.73,100.0,56.0,19.62,-28.55,16.43,ZA,1532505855
450,marzuq,95.36,18.0,20.0,3.4,14.4,46.47,YE,1532505855
451,poum,69.8,73.0,75.0,3.36,41.28,20.71,MK,1532503800
452,neryungri,69.44,67.0,0.0,8.1,56.66,124.71,RU,1532505856
453,rawson,28.22,72.0,0.0,8.66,-43.3,-65.11,AR,1532505856
454,katsuura,93.2,70.0,75.0,11.41,33.93,134.5,JP,1532503980
455,katwijk,75.2,78.0,24.0,1.12,52.2,4.41,NL,1532505300
456,muriwai beach,53.6,81.0,88.0,4.7,-36.82,174.45,NZ,1532503800
457,raudeberg,60.8,77.0,40.0,4.7,61.99,5.14,NO,1532505000
458,ketchikan,62.6,93.0,1.0,5.82,55.34,-131.65,US,1532501760
459,katobu,82.13,88.0,80.0,4.63,-4.94,122.53,ID,1532505858
460,humberto de campos,80.24,93.0,44.0,13.24,-2.6,-43.46,BR,1532505858
462,sawakin,100.4,39.0,0.0,13.87,19.1,37.33,SD,1532502000
463,krechevitsy,75.11,65.0,44.0,4.18,58.62,31.4,RU,1532505859
464,oranjestad,80.6,83.0,40.0,18.34,12.52,-70.03,AW,1532502000
465,astoria,53.6,100.0,90.0,5.82,46.19,-123.83,US,1532505300
466,pisco,62.6,88.0,90.0,3.36,-13.71,-76.2,PE,1532502000
468,chatakonda,91.49,75.0,24.0,7.76,17.55,80.65,IN,1532505860
469,karakol,74.39,21.0,8.0,2.06,42.49,78.39,KG,1532505860
470,lebyazhye,75.2,64.0,0.0,11.18,59.96,29.42,RU,1532503800
471,umea,75.2,73.0,0.0,13.87,63.83,20.26,SE,1532503200
472,santa cruz,66.2,93.0,90.0,3.36,36.97,-122.03,US,1532504400
473,yar-sale,68.81,58.0,8.0,17.49,66.83,70.83,RU,1532505863
474,ocampo,81.5,95.0,56.0,3.74,13.56,123.37,PH,1532505863
475,leningradskiy,35.6,100.0,0.0,8.21,69.38,178.42,RU,1532505863
476,ponta delgada,69.8,83.0,20.0,12.75,37.73,-25.67,PT,1532503800
477,saint anthony,62.6,72.0,1.0,5.82,43.97,-111.68,US,1532501760
478,saurimo,69.8,30.0,0.0,6.93,-9.66,20.4,AO,1532502000
479,balfour,51.89,46.0,0.0,1.61,49.62,-116.96,CA,1532505864
480,floriano,73.58,54.0,8.0,10.45,-6.77,-43.02,BR,1532505796
481,minden,78.8,40.0,1.0,1.95,38.95,-119.77,US,1532505300
483,druzhba,68.09,100.0,92.0,5.08,49.36,25.65,UA,1532505865
484,zheshart,74.48,56.0,92.0,3.4,62.09,49.59,RU,1532505866
485,benicarlo,78.08,100.0,0.0,5.97,40.42,0.43,ES,1532505866
486,smithers,55.4,82.0,1.0,2.24,54.78,-127.17,CA,1532502000
487,inirida,69.17,100.0,92.0,3.18,3.87,-67.92,CO,1532505867
489,ploemeur,68.0,82.0,20.0,10.29,47.73,-3.43,FR,1532503800
490,paramonga,58.37,100.0,56.0,2.73,-10.68,-77.82,PE,1532505867
491,mahanoro,64.4,100.0,92.0,5.08,-19.9,48.8,MG,1532505868
492,kodiak,60.8,100.0,1.0,2.73,39.95,-94.76,US,1532505180
493,tazovskiy,71.6,45.0,0.0,24.65,67.47,78.7,RU,1532505868
494,turukhansk,58.55,70.0,80.0,3.62,65.8,87.96,RU,1532505869
495,nishihara,89.6,58.0,20.0,6.93,35.74,139.53,JP,1532505360
496,taunggyi,72.5,84.0,92.0,5.41,20.78,97.03,MM,1532505869
497,vila franca do campo,69.8,83.0,20.0,12.75,37.72,-25.43,PT,1532503800
498,omaruru,62.78,39.0,0.0,13.47,-21.42,15.95,NA,1532505870
499,ordubad,95.0,26.0,0.0,6.93,38.91,46.02,AZ,1532503800
500,tuatapere,42.17,100.0,92.0,8.43,-46.13,167.69,NZ,1532505870
501,campbell river,71.6,46.0,5.0,9.17,50.02,-125.24,CA,1532502000
502,santo antonio de jesus,68.95,99.0,92.0,8.97,-12.97,-39.26,BR,1532505655
503,jodhpur,90.05,68.0,80.0,14.25,26.3,73.04,IN,1532505744
504,saint-francois,75.2,57.0,0.0,2.24,46.42,3.91,FR,1532503800
505,wajir,80.6,54.0,75.0,14.99,1.75,40.07,KE,1532502000
506,talnakh,51.71,95.0,92.0,11.68,69.49,88.39,RU,1532505872
507,mbandaka,82.4,80.0,8.0,3.96,0.05,18.26,CD,1532505872
508,bud,60.8,87.0,75.0,9.17,62.91,6.91,NO,1532505000
509,manacapuru,77.72,85.0,36.0,5.41,-3.3,-60.62,BR,1532505708
510,rantepao,72.14,94.0,64.0,3.06,-2.97,119.9,ID,1532505873
511,mikuni,86.0,55.0,75.0,11.41,36.22,136.15,JP,1532502000
512,gravdal,62.6,93.0,75.0,3.36,59.79,5.78,NO,1532505000
513,hervey bay,65.3,98.0,0.0,4.63,-25.3,152.85,AU,1532505874
514,aksarka,77.72,43.0,8.0,18.28,66.56,67.8,RU,1532505874
515,broken hill,56.21,58.0,20.0,5.41,-31.97,141.45,AU,1532505630
516,taoudenni,99.95,11.0,0.0,8.77,22.68,-3.98,ML,1532505874
518,bambous virieux,77.0,61.0,40.0,14.99,-20.34,57.76,MU,1532502000
519,palana,69.98,62.0,76.0,3.74,59.08,159.95,RU,1532505875
520,ornskoldsvik,73.4,78.0,0.0,10.29,63.29,18.72,SE,1532503200
521,manjacaze,76.19,54.0,0.0,6.98,-24.71,33.88,MZ,1532505876
522,puerto narino,71.6,100.0,75.0,2.95,-3.77,-70.38,CO,1532502000
523,portmore,82.4,74.0,20.0,6.93,17.97,-76.87,JM,1532502000
524,urusha,74.57,58.0,0.0,3.51,54.05,122.9,RU,1532505876
525,accra,77.0,94.0,75.0,10.29,5.56,-0.21,GH,1532502000
526,mongo,77.9,84.0,88.0,3.06,4.83,22.92,CF,1532505877
527,casablanca,69.8,77.0,40.0,8.05,33.6,-7.62,MA,1532503800
528,mazagao,75.2,100.0,90.0,3.36,-0.12,-51.29,BR,1532503920
529,shimoda,84.2,74.0,75.0,3.36,34.7,138.93,JP,1532502000
530,fort saint james,52.52,85.0,0.0,2.17,54.43,-124.25,CA,1532505878
531,cetraro,77.63,65.0,0.0,3.51,39.52,15.94,IT,1532505878
532,zyryanka,63.23,72.0,92.0,2.51,65.73,150.89,RU,1532505879
533,suntar,65.39,66.0,0.0,5.08,62.16,117.65,RU,1532505879
534,kristinehamn,77.0,64.0,0.0,6.93,59.31,14.11,SE,1532503200
535,ugoofaaru,82.13,100.0,80.0,21.18,5.67,73.0,MV,1532505879
536,porto novo,57.2,93.0,40.0,2.24,-23.68,-45.44,BR,1532505600
537,slavonski brod,78.8,57.0,0.0,3.36,45.17,18.01,HR,1532503800
538,quang ngai,84.02,72.0,48.0,1.61,15.12,108.8,VN,1532505880
539,kahului,77.0,78.0,20.0,10.29,20.89,-156.47,US,1532501760
540,yarim,77.9,35.0,44.0,2.62,14.3,44.38,YE,1532505881
541,biltine,90.77,42.0,48.0,14.25,14.53,20.93,TD,1532505881
542,eyl,86.0,59.0,0.0,24.54,7.98,49.82,SO,1532505881
543,coahuayana,63.14,95.0,88.0,2.17,18.62,-100.35,MX,1532505882
544,saldanha,75.11,53.0,0.0,0.6,41.42,-6.55,PT,1532505882
545,la sarre,65.39,93.0,48.0,6.53,48.8,-79.2,CA,1532505632
547,hirara,89.6,70.0,20.0,8.05,24.8,125.28,JP,1532502000
548,diffa,85.55,74.0,0.0,13.13,13.32,12.61,NE,1532505883
549,namatanai,78.17,100.0,92.0,1.5,-3.66,152.44,PG,1532505883
550,zharkent,72.14,25.0,24.0,4.52,44.17,80.0,KZ,1532505883
551,port hardy,53.6,100.0,90.0,3.62,50.7,-127.42,CA,1532503200
552,san carlos de bariloche,23.0,85.0,0.0,5.82,-41.13,-71.31,AR,1532502000
553,brokopondo,73.4,100.0,20.0,1.12,5.06,-54.98,SR,1532505600
554,kamenka,66.83,82.0,92.0,12.57,53.19,44.05,RU,1532505885
555,idenao,77.0,88.0,75.0,11.41,4.25,9.0,CM,1532502000
556,chincha alta,62.6,88.0,90.0,3.36,-13.42,-76.13,PE,1532502000
557,dargaville,52.25,89.0,92.0,10.0,-35.94,173.86,NZ,1532505885
559,narino,57.2,100.0,75.0,1.16,5.61,-75.18,CO,1532502000
560,alofi,73.4,94.0,92.0,10.29,-19.06,-169.92,NU,1532502000
561,semenivka,76.19,91.0,48.0,9.44,52.18,32.58,UA,1532505886
562,kharp,75.47,62.0,0.0,15.48,66.82,65.8,RU,1532505887
564,whitehorse,66.2,42.0,20.0,11.41,60.72,-135.06,CA,1532502000
566,goderich,62.78,95.0,68.0,3.18,43.74,-81.71,CA,1532505888
567,nova venecia,59.09,87.0,0.0,2.73,-18.71,-40.4,BR,1532505630
568,teguldet,67.73,52.0,0.0,8.55,57.31,88.17,RU,1532505888
569,poronaysk,65.48,80.0,80.0,4.52,49.22,143.1,RU,1532505888
570,seydi,72.59,100.0,92.0,5.75,13.34,7.75,NE,1532505889
571,sobolevo,70.97,95.0,48.0,8.77,54.43,31.9,RU,1532505889
572,moerai,74.21,100.0,64.0,10.0,-22.43,-151.33,PF,1532505889
573,novobelokatay,81.77,53.0,8.0,4.41,55.7,58.96,RU,1532505889
574,cap malheureux,77.0,61.0,40.0,14.99,-19.98,57.61,MU,1532502000
575,shirokiy,65.75,98.0,92.0,11.68,53.87,39.17,RU,1532505890
577,salalah,80.6,83.0,75.0,9.17,17.01,54.1,OM,1532501400
578,lumphat,78.26,97.0,56.0,2.95,13.5,106.97,KH,1532505891
579,bullhead city,104.0,12.0,1.0,3.36,35.15,-114.57,US,1532504100
580,saint-ambroise,71.6,68.0,0.0,4.7,47.25,-0.65,FR,1532503800
581,tanabe,84.2,83.0,75.0,8.05,33.73,135.39,JP,1532502000
582,nelson bay,66.2,29.0,0.0,8.05,-32.72,152.14,AU,1532502000
583,crystal beach,71.6,100.0,40.0,4.7,42.87,-79.06,CA,1532505240
584,lichinga,63.86,66.0,12.0,6.53,-13.3,35.25,MZ,1532505892
585,greece,73.4,94.0,90.0,4.7,43.21,-77.69,US,1532505240
586,florianopolis,59.0,100.0,75.0,10.29,-27.6,-48.55,BR,1532502000
587,sao filipe,75.38,100.0,48.0,8.43,14.9,-24.5,CV,1532505893
588,wahiawa,78.8,73.0,40.0,4.7,21.5,-158.02,US,1532503860
589,kupang,84.2,62.0,20.0,13.87,-10.16,123.6,ID,1532502000
590,bulri,94.1,52.0,68.0,21.3,24.87,68.33,PK,1532505894
591,tura,78.8,100.0,88.0,3.06,25.52,90.21,IN,1532505894
593,pochutla,82.94,100.0,0.0,8.77,15.74,-96.47,MX,1532505895
594,vao,78.26,65.0,0.0,3.74,59.1,26.19,EE,1532505895
595,khilok,81.23,59.0,32.0,6.98,51.36,110.46,RU,1532505895
596,vanavara,65.3,52.0,24.0,7.54,60.35,102.28,RU,1532505896
597,trinidad,42.62,90.0,88.0,11.45,-33.52,-56.9,UY,1532505896
601,ridgecrest,91.4,26.0,1.0,9.17,35.62,-117.67,US,1532501760
602,zhireken,74.03,60.0,0.0,5.97,52.82,117.29,RU,1532505897
603,okhotsk,56.39,100.0,92.0,3.18,59.36,143.24,RU,1532505897
604,biryusinsk,67.82,71.0,76.0,3.96,55.96,97.82,RU,1532505897
605,kerman,96.8,6.0,20.0,4.7,30.29,57.06,IR,1532502000
606,conceicao do araguaia,72.5,85.0,8.0,6.64,-8.26,-49.26,BR,1532505653
607,flinders,62.6,39.0,0.0,14.99,-34.58,150.85,AU,1532502000
608,wukari,73.4,100.0,92.0,8.21,7.87,9.78,NG,1532505899
609,pskov,69.8,73.0,20.0,6.71,57.82,28.33,RU,1532503800
